league_name,team_name,logo_url
NFL,Arizona Cardinals,https://r2.thesportsdb.com/images/media/team/badge/xvuwtw1420646838.png
NFL,Atlanta Falcons,https://r2.thesportsdb.com/images/media/team/badge/rrpvpr1420658174.png
NFL,Baltimore Ravens,https://r2.thesportsdb.com/images/media/team/badge/einz3p1546172463.png
NFL,Buffalo Bills,https://r2.thesportsdb.com/images/media/team/badge/6pb37b1515849026.png
NFL,Carolina Panthers,https://r2.thesportsdb.com/images/media/team/badge/xxyvvy1420940478.png
NFL,Chicago Bears,https://r2.thesportsdb.com/images/media/team/badge/ji22531698678538.png
NFL,Cincinnati Bengals,https://r2.thesportsdb.com/images/media/team/badge/qqtwwv1420941670.png
NFL,Cleveland Browns,https://r2.thesportsdb.com/images/media/team/badge/squvxy1420942389.png
NFL,Dallas Cowboys,https://r2.thesportsdb.com/images/media/team/badge/wrxssu1450018209.png
NFL,Denver Broncos,https://r2.thesportsdb.com/images/media/team/badge/upsspx1421635647.png
NFL,Detroit Lions,https://r2.thesportsdb.com/images/media/team/badge/lgsgkr1546168257.png
NFL,Green Bay Packers,https://r2.thesportsdb.com/images/media/team/badge/rqpwtr1421434717.png
NFL,Houston Texans,https://r2.thesportsdb.com/images/media/team/badge/wqyryy1421436627.png
NFL,Indianapolis Colts,https://r2.thesportsdb.com/images/media/team/badge/wqqvpx1421434058.png
NFL,Jacksonville Jaguars,https://r2.thesportsdb.com/images/media/team/badge/0mrsd41546427902.png
NFL,Kansas City Chiefs,https://r2.thesportsdb.com/images/media/team/badge/936t161515847222.png
NFL,Las Vegas Raiders,https://r2.thesportsdb.com/images/media/team/badge/xqusqy1421724291.png
NFL,Los Angeles Chargers,https://r2.thesportsdb.com/images/media/team/badge/vrqanp1687734910.png
NFL,Los Angeles Rams,https://r2.thesportsdb.com/images/media/team/badge/8e8v4i1599764614.png
NFL,Miami Dolphins,https://r2.thesportsdb.com/images/media/team/badge/trtusv1421435081.png
NFL,Minnesota Vikings,https://r2.thesportsdb.com/images/media/team/badge/qstqqr1421609163.png
NFL,New England Patriots,https://r2.thesportsdb.com/images/media/team/badge/xtwxyt1421431860.png
NFL,New Orleans Saints,https://r2.thesportsdb.com/images/media/team/badge/nd46c71537821337.png
NFL,New York Giants,https://r2.thesportsdb.com/images/media/team/badge/vxppup1423669459.png
NFL,New York Jets,https://r2.thesportsdb.com/images/media/team/badge/hz92od1607953467.png
NFL,Philadelphia Eagles,https://r2.thesportsdb.com/images/media/team/badge/pnpybf1515852421.png
NFL,Pittsburgh Steelers,https://r2.thesportsdb.com/images/media/team/badge/2975411515853129.png
NFL,San Francisco 49ers,https://r2.thesportsdb.com/images/media/team/badge/bqbtg61539537328.png
NFL,Seattle Seahawks,https://r2.thesportsdb.com/images/media/team/badge/wwuqyr1421434817.png
NFL,Tampa Bay Buccaneers,https://r2.thesportsdb.com/images/media/team/badge/2dfpdl1537820969.png
NFL,Tennessee Titans,https://r2.thesportsdb.com/images/media/team/badge/m48yia1515847376.png
NFL,Washington Commanders,https://r2.thesportsdb.com/images/media/team/badge/rn0c7v1643826119.png
English Premier League,Arsenal,https://r2.thesportsdb.com/images/media/team/badge/uyhbfe1612467038.png
English Premier League,Aston Villa,https://r2.thesportsdb.com/images/media/team/badge/jykrpv1717309891.png
English Premier League,Bournemouth,https://r2.thesportsdb.com/images/media/team/badge/y08nak1534071116.png
English Premier League,Brentford,https://r2.thesportsdb.com/images/media/team/badge/grv1aw1546453779.png
English Premier League,Brighton,https://r2.thesportsdb.com/images/media/team/badge/ywypts1448810904.png
English Premier League,Chelsea,https://r2.thesportsdb.com/images/media/team/badge/yvwvtu1448813215.png
English Premier League,Crystal Palace,https://r2.thesportsdb.com/images/media/team/badge/ia6i3m1656014992.png
English Premier League,Everton,https://r2.thesportsdb.com/images/media/team/badge/eqayrf1523184794.png
English Premier League,Fulham,https://r2.thesportsdb.com/images/media/team/badge/xwwvyt1448811086.png
English Premier League,Ipswich,https://r2.thesportsdb.com/images/media/team/badge/mdj1ey1634670785.png
English Premier League,Leicester,https://r2.thesportsdb.com/images/media/team/badge/xtxwtu1448813356.png
English Premier League,Liverpool,https://r2.thesportsdb.com/images/media/team/badge/kfaher1737969724.png
English Premier League,Manchester City,https://r2.thesportsdb.com/images/media/team/badge/vwpvry1467462651.png
English Premier League,Manchester United,https://r2.thesportsdb.com/images/media/team/badge/xzqdr11517660252.png
English Premier League,Newcastle,https://r2.thesportsdb.com/images/media/team/badge/lhwuiz1621593302.png
English Premier League,Nottingham Forest,https://r2.thesportsdb.com/images/media/team/badge/bk4qjs1546440351.png
English Premier League,Southampton,https://r2.thesportsdb.com/images/media/team/badge/ggqtd01621593274.png
English Premier League,Tottenham,https://r2.thesportsdb.com/images/media/team/badge/dfyfhl1604094109.png
English Premier League,West Ham,https://r2.thesportsdb.com/images/media/team/badge/yutyxs1467459956.png
English Premier League,Wolves,https://r2.thesportsdb.com/images/media/team/badge/u9qr031621593327.png
NBA,Atlanta Hawks,https://r2.thesportsdb.com/images/media/team/badge/q3bx641635067495.png
NBA,Boston Celtics,https://r2.thesportsdb.com/images/media/team/badge/4j85bn1667936589.png
NBA,Brooklyn Nets,https://r2.thesportsdb.com/images/media/team/badge/hkafe61739948361.png
NBA,Charlotte Hornets,https://r2.thesportsdb.com/images/media/team/badge/xqtvvp1422380623.png
NBA,Chicago Bulls,https://r2.thesportsdb.com/images/media/team/badge/yk7swg1547214677.png
NBA,Cleveland Cavaliers,https://r2.thesportsdb.com/images/media/team/badge/tys75k1664478652.png
NBA,Dallas Mavericks,https://r2.thesportsdb.com/images/media/team/badge/yqrxrs1420568796.png
NBA,Denver Nuggets,https://r2.thesportsdb.com/images/media/team/badge/8o8j5k1546016274.png
NBA,Detroit Pistons,https://r2.thesportsdb.com/images/media/team/badge/lg7qrc1621594751.png
NBA,Golden State Warriors,https://r2.thesportsdb.com/images/media/team/badge/irobi61565197527.png
NBA,Houston Rockets,https://r2.thesportsdb.com/images/media/team/badge/yezpho1597486052.png
NBA,Indiana Pacers,https://r2.thesportsdb.com/images/media/team/badge/v6jzgm1503741821.png
NBA,Los Angeles Clippers,https://r2.thesportsdb.com/images/media/team/badge/3gtb8s1719303125.png
NBA,Los Angeles Lakers,https://r2.thesportsdb.com/images/media/team/badge/d8uoxw1714254511.png
NBA,Memphis Grizzlies,https://r2.thesportsdb.com/images/media/team/badge/m64v461565196789.png
NBA,Miami Heat,https://r2.thesportsdb.com/images/media/team/badge/5v67x51547214763.png
NBA,Milwaukee Bucks,https://r2.thesportsdb.com/images/media/team/badge/olhug01621594702.png
NBA,Minnesota Timberwolves,https://r2.thesportsdb.com/images/media/team/badge/5xpgjg1621594771.png
NBA,New Orleans Pelicans,https://r2.thesportsdb.com/images/media/team/badge/cak6261696446261.png
NBA,New York Knicks,https://r2.thesportsdb.com/images/media/team/badge/wyhpuf1511810435.png
NBA,Oklahoma City Thunder,https://www.thesportsdb.com/images/media/team/badge/27v8861746610370.png
NBA,Orlando Magic,https://r2.thesportsdb.com/images/media/team/badge/f2wcro1696446120.png
NBA,Philadelphia 76ers,https://r2.thesportsdb.com/images/media/team/badge/71545f1518464849.png
NBA,Phoenix Suns,https://r2.thesportsdb.com/images/media/team/badge/qrtuxq1422919040.png
NBA,Portland Trail Blazers,https://r2.thesportsdb.com/images/media/team/badge/ljkd1r1696445959.png
NBA,Sacramento Kings,https://r2.thesportsdb.com/images/media/team/badge/5d3dpz1611859587.png
NBA,San Antonio Spurs,https://r2.thesportsdb.com/images/media/team/badge/obucan1611859537.png
NBA,Toronto Raptors,https://r2.thesportsdb.com/images/media/team/badge/ax36vz1635070057.png
NBA,Utah Jazz,https://r2.thesportsdb.com/images/media/team/badge/ne4a051664478964.png
NBA,Washington Wizards,https://r2.thesportsdb.com/images/media/team/badge/rhxi9w1621594729.png
MLB,Arizona Diamondbacks,https://r2.thesportsdb.com/images/media/team/badge/xe5wlo1713861863.png
MLB,Athletics,https://r2.thesportsdb.com/images/media/team/badge/cyvrv31741640777.png
MLB,Atlanta Braves,https://r2.thesportsdb.com/images/media/team/badge/yjs76e1617811496.png
MLB,Baltimore Orioles,https://r2.thesportsdb.com/images/media/team/badge/ytywvu1431257088.png
MLB,Boston Red Sox,https://r2.thesportsdb.com/images/media/team/badge/stpsus1425120215.png
MLB,Chicago Cubs,https://r2.thesportsdb.com/images/media/team/badge/wxbe071521892391.png
MLB,Chicago White Sox,https://r2.thesportsdb.com/images/media/team/badge/yyz5dh1554140884.png
MLB,Cincinnati Reds,https://r2.thesportsdb.com/images/media/team/badge/wspusr1431538832.png
MLB,Cleveland Guardians,https://r2.thesportsdb.com/images/media/team/badge/3zvzao1640964590.png
MLB,Colorado Rockies,https://r2.thesportsdb.com/images/media/team/badge/r7q6ko1687608395.png
MLB,Detroit Tigers,https://r2.thesportsdb.com/images/media/team/badge/9dib6o1554032173.png
MLB,Houston Astros,https://r2.thesportsdb.com/images/media/team/badge/miwigx1521893583.png
MLB,Kansas City Royals,https://r2.thesportsdb.com/images/media/team/badge/ii3rz81554031260.png
MLB,Los Angeles Angels,https://r2.thesportsdb.com/images/media/team/badge/vswsvx1432577476.png
MLB,Los Angeles Dodgers,https://r2.thesportsdb.com/images/media/team/badge/p2oj631663889783.png
MLB,Miami Marlins,https://r2.thesportsdb.com/images/media/team/badge/0722fs1546001701.png
MLB,Milwaukee Brewers,https://r2.thesportsdb.com/images/media/team/badge/08kh2a1595775193.png
MLB,Minnesota Twins,https://r2.thesportsdb.com/images/media/team/badge/necd5v1521905719.png
MLB,New York Mets,https://r2.thesportsdb.com/images/media/team/badge/rxqspq1431540337.png
MLB,New York Yankees,https://r2.thesportsdb.com/images/media/team/badge/wqwwxx1423478766.png
MLB,Philadelphia Phillies,https://r2.thesportsdb.com/images/media/team/badge/3xrldf1617528682.png
MLB,Pittsburgh Pirates,https://r2.thesportsdb.com/images/media/team/badge/kw6uqr1617527138.png
MLB,San Diego Padres,https://r2.thesportsdb.com/images/media/team/badge/6wt1cn1617527530.png
MLB,San Francisco Giants,https://r2.thesportsdb.com/images/media/team/badge/mq81yb1521896622.png
MLB,Seattle Mariners,https://r2.thesportsdb.com/images/media/team/badge/39x9ph1521903933.png
MLB,St. Louis Cardinals,https://r2.thesportsdb.com/images/media/team/badge/uvyvyr1424003273.png
MLB,Tampa Bay Rays,https://r2.thesportsdb.com/images/media/team/badge/littyt1554031623.png
MLB,Texas Rangers,https://r2.thesportsdb.com/images/media/team/badge/qt9qki1521893151.png
MLB,Toronto Blue Jays,https://r2.thesportsdb.com/images/media/team/badge/f9zk3l1617527686.png
MLB,Washington Nationals,https://r2.thesportsdb.com/images/media/team/badge/wpqrut1423694764.png
NHL,Anaheim Ducks,https://r2.thesportsdb.com/images/media/team/badge/1d465t1719573796.png
NHL,Boston Bruins,https://r2.thesportsdb.com/images/media/team/badge/b1r86e1720023232.png
NHL,Buffalo Sabres,https://r2.thesportsdb.com/images/media/team/badge/3m3jhp1619536655.png
NHL,Calgary Flames,https://r2.thesportsdb.com/images/media/team/badge/v8vkk11619536610.png
NHL,Carolina Hurricanes,https://r2.thesportsdb.com/images/media/team/badge/v07m3x1547232585.png
NHL,Chicago Blackhawks,https://r2.thesportsdb.com/images/media/team/badge/tuwyvr1422041801.png
NHL,Colorado Avalanche,https://r2.thesportsdb.com/images/media/team/badge/wqutut1421173572.png
NHL,Columbus Blue Jackets,https://r2.thesportsdb.com/images/media/team/badge/ssytwt1421792535.png
NHL,Dallas Stars,https://r2.thesportsdb.com/images/media/team/badge/qrvywq1422042125.png
NHL,Detroit Red Wings,https://r2.thesportsdb.com/images/media/team/badge/1c24ow1546544080.png
NHL,Edmonton Oilers,https://r2.thesportsdb.com/images/media/team/badge/uxxsyw1421618428.png
NHL,Florida Panthers,https://r2.thesportsdb.com/images/media/team/badge/8qtaz11547158220.png
NHL,Los Angeles Kings,https://r2.thesportsdb.com/images/media/team/badge/w408rg1719220748.png
NHL,Minnesota Wild,https://r2.thesportsdb.com/images/media/team/badge/swtsxs1422042685.png
NHL,Montreal Canadiens,https://r2.thesportsdb.com/images/media/team/badge/stpryx1421791753.png
NHL,Nashville Predators,https://r2.thesportsdb.com/images/media/team/badge/twqyvy1422052908.png
NHL,New Jersey Devils,https://r2.thesportsdb.com/images/media/team/badge/z4rsvp1619536740.png
NHL,New York Islanders,https://r2.thesportsdb.com/images/media/team/badge/hqn8511619536714.png
NHL,New York Rangers,https://r2.thesportsdb.com/images/media/team/badge/bez4251546192693.png
NHL,Ottawa Senators,https://r2.thesportsdb.com/images/media/team/badge/2tc1qy1619536592.png
NHL,Philadelphia Flyers,https://r2.thesportsdb.com/images/media/team/badge/qxxppp1421794965.png
NHL,Pittsburgh Penguins,https://r2.thesportsdb.com/images/media/team/badge/dsj3on1546192477.png
NHL,San Jose Sharks,https://r2.thesportsdb.com/images/media/team/badge/yui7871546193006.png
NHL,Seattle Kraken,https://r2.thesportsdb.com/images/media/team/badge/zsx49m1595775836.png
NHL,St. Louis Blues,https://r2.thesportsdb.com/images/media/team/badge/rsqtwx1422053715.png
NHL,Tampa Bay Lightning,https://r2.thesportsdb.com/images/media/team/badge/swysut1421791822.png
NHL,Toronto Maple Leafs,https://r2.thesportsdb.com/images/media/team/badge/mxig4p1570129307.png
NHL,Utah Mammoth,https://www.thesportsdb.com/images/media/team/badge/w5m2ab1746690303.png
NHL,Vancouver Canucks,https://r2.thesportsdb.com/images/media/team/badge/xqxxpw1421875519.png
NHL,Vegas Golden Knights,https://r2.thesportsdb.com/images/media/team/badge/7fd4521619536689.png
NHL,Washington Capitals,https://r2.thesportsdb.com/images/media/team/badge/99ca9a1638974052.png
NHL,Winnipeg Jets,https://r2.thesportsdb.com/images/media/team/badge/bwn9hr1547233611.png
La Liga,Alaves,https://r2.thesportsdb.com/images/media/team/badge/mfn99h1734673842.png
La Liga,Athletic Bilbao,https://r2.thesportsdb.com/images/media/team/badge/68w7fe1639408210.png
La Liga,Atletico Madrid,https://r2.thesportsdb.com/images/media/team/badge/0ulh3q1719984315.png
La Liga,Barcelona,https://r2.thesportsdb.com/images/media/team/badge/wq9sir1639406443.png
La Liga,Celta Vigo,https://r2.thesportsdb.com/images/media/team/badge/xfjtku1690436219.png
La Liga,Espanyol,https://r2.thesportsdb.com/images/media/team/badge/867nzz1681703222.png
La Liga,Getafe,https://r2.thesportsdb.com/images/media/team/badge/eyh2891655594452.png
La Liga,Girona,https://r2.thesportsdb.com/images/media/team/badge/kfu7zu1659897499.png
La Liga,Las Palmas,https://r2.thesportsdb.com/images/media/team/badge/mmhyb11616443601.png
La Liga,Leganes,https://r2.thesportsdb.com/images/media/team/badge/tm0adr1616443898.png
La Liga,Mallorca,https://r2.thesportsdb.com/images/media/team/badge/ssptsx1473503730.png
La Liga,Osasuna,https://r2.thesportsdb.com/images/media/team/badge/rvspvt1473502960.png
La Liga,Real Betis,https://r2.thesportsdb.com/images/media/team/badge/2oqulv1663245386.png
La Liga,Real Madrid,https://r2.thesportsdb.com/images/media/team/badge/vwvwrw1473502969.png
La Liga,Real Sociedad,https://r2.thesportsdb.com/images/media/team/badge/vptvpr1473502986.png
La Liga,Sevilla,https://r2.thesportsdb.com/images/media/team/badge/vpsqqx1473502977.png
La Liga,Valencia,https://r2.thesportsdb.com/images/media/team/badge/dm8l6o1655594864.png
La Liga,Valladolid,https://r2.thesportsdb.com/images/media/team/badge/bnhu8b1719983736.png
La Liga,Vallecano,https://r2.thesportsdb.com/images/media/team/badge/nzhu941655595465.png
La Liga,Villarreal,https://r2.thesportsdb.com/images/media/team/badge/vrypqy1473503073.png
NCAA Football (Example - English League Championship ID),Blackburn,https://r2.thesportsdb.com/images/media/team/badge/rvryut1448810814.png
NCAA Football (Example - English League Championship ID),Bristol City,https://r2.thesportsdb.com/images/media/team/badge/0ejxwz1601721013.png
NCAA Football (Example - English League Championship ID),Burnley,https://r2.thesportsdb.com/images/media/team/badge/ql7nl31686893820.png
NCAA Football (Example - English League Championship ID),Cardiff,https://r2.thesportsdb.com/images/media/team/badge/xtytpt1448808285.png
NCAA Football (Example - English League Championship ID),Coventry,https://r2.thesportsdb.com/images/media/team/badge/uxyqys1424033798.png
NCAA Football (Example - English League Championship ID),Derby,https://r2.thesportsdb.com/images/media/team/badge/jioo4z1557155744.png
NCAA Football (Example - English League Championship ID),Hull,https://r2.thesportsdb.com/images/media/team/badge/fbqqda1601726113.png
NCAA Football (Example - English League Championship ID),Leeds,https://r2.thesportsdb.com/images/media/team/badge/g0eqzw1598804097.png
NCAA Football (Example - English League Championship ID),Luton,https://r2.thesportsdb.com/images/media/team/badge/v977eh1681319466.png
NCAA Football (Example - English League Championship ID),Middlesbrough,https://r2.thesportsdb.com/images/media/team/badge/xxpttq1448811142.png
NCAA Football (Example - English League Championship ID),Millwall,https://r2.thesportsdb.com/images/media/team/badge/5p1z5k1537208888.png
NCAA Football (Example - English League Championship ID),Norwich,https://r2.thesportsdb.com/images/media/team/badge/pabczm1679951464.png
NCAA Football (Example - English League Championship ID),Oxford Utd,https://r2.thesportsdb.com/images/media/team/badge/la34wg1601726102.png
NCAA Football (Example - English League Championship ID),Plymouth,https://r2.thesportsdb.com/images/media/team/badge/wod5cj1689630278.png
NCAA Football (Example - English League Championship ID),Portsmouth,https://r2.thesportsdb.com/images/media/team/badge/j13pfe1601726274.png
NCAA Football (Example - English League Championship ID),Preston,https://r2.thesportsdb.com/images/media/team/badge/wqtwvw1448811512.png
NCAA Football (Example - English League Championship ID),QPR,https://r2.thesportsdb.com/images/media/team/badge/l4qscx1601721022.png
NCAA Football (Example - English League Championship ID),Sheffield United,https://r2.thesportsdb.com/images/media/team/badge/w7f8pj1672950689.png
NCAA Football (Example - English League Championship ID),Sheffield Weds,https://r2.thesportsdb.com/images/media/team/badge/lonnw91601721029.png
NCAA Football (Example - English League Championship ID),Stoke,https://r2.thesportsdb.com/images/media/team/badge/d16frn1678807158.png
NCAA Football (Example - English League Championship ID),Sunderland,https://r2.thesportsdb.com/images/media/team/badge/tprtus1448813498.png
NCAA Football (Example - English League Championship ID),Swansea,https://r2.thesportsdb.com/images/media/team/badge/474rco1686920744.png
NCAA Football (Example - English League Championship ID),Watford,https://r2.thesportsdb.com/images/media/team/badge/rsuswy1448813519.png
NCAA Football (Example - English League Championship ID),West Brom,https://r2.thesportsdb.com/images/media/team/badge/rsvuxw1448813527.png
NCAA Basketball (Example - Scottish Premier League ID),Aberdeen,https://r2.thesportsdb.com/images/media/team/badge/xuvwys1447597299.png
NCAA Basketball (Example - Scottish Premier League ID),Celtic,https://r2.thesportsdb.com/images/media/team/badge/tswuut1447597436.png
NCAA Basketball (Example - Scottish Premier League ID),Dundee FC,https://r2.thesportsdb.com/images/media/team/badge/n3o3qp1721977667.png
NCAA Basketball (Example - Scottish Premier League ID),Dundee United,https://r2.thesportsdb.com/images/media/team/badge/orfh821655722356.png
NCAA Basketball (Example - Scottish Premier League ID),Hearts,https://r2.thesportsdb.com/images/media/team/badge/twqvyt1447597939.png
NCAA Basketball (Example - Scottish Premier League ID),Hibernian,https://r2.thesportsdb.com/images/media/team/badge/qjys3z1684928969.png
NCAA Basketball (Example - Scottish Premier League ID),Kilmarnock,https://r2.thesportsdb.com/images/media/team/badge/xssqtu1447596951.png
NCAA Basketball (Example - Scottish Premier League ID),Motherwell,https://r2.thesportsdb.com/images/media/team/badge/vsysqx1447598301.png
NCAA Basketball (Example - Scottish Premier League ID),Rangers,https://r2.thesportsdb.com/images/media/team/badge/ti24j61614290048.png
NCAA Basketball (Example - Scottish Premier League ID),Ross County,https://r2.thesportsdb.com/images/media/team/badge/yi482m1688532289.png
NCAA Basketball (Example - Scottish Premier League ID),St Johnstone,https://r2.thesportsdb.com/images/media/team/badge/j84ht31600550102.png
NCAA Basketball (Example - Scottish Premier League ID),St Mirren,https://r2.thesportsdb.com/images/media/team/badge/xvtuvv1447604452.png
Bundesliga,Bayer Leverkusen,https://r2.thesportsdb.com/images/media/team/badge/3x9k851726760113.png
Bundesliga,Bayern Munich,https://r2.thesportsdb.com/images/media/team/badge/01ogkh1716960412.png
Bundesliga,Bochum,https://r2.thesportsdb.com/images/media/team/badge/kag3jy1599821108.png
Bundesliga,Borussia Dortmund,https://r2.thesportsdb.com/images/media/team/badge/tqo8ge1716960353.png
Bundesliga,Borussia Mönchengladbach,https://r2.thesportsdb.com/images/media/team/badge/sysurw1473453380.png
Bundesliga,Eintracht Frankfurt,https://r2.thesportsdb.com/images/media/team/badge/rurwpy1473453269.png
Bundesliga,FC Augsburg,https://r2.thesportsdb.com/images/media/team/badge/xqyyvq1473453233.png
Bundesliga,FC Heidenheim,https://r2.thesportsdb.com/images/media/team/badge/lbj7g01608236988.png
Bundesliga,Freiburg,https://r2.thesportsdb.com/images/media/team/badge/urwtup1473453288.png
Bundesliga,Hoffenheim,https://r2.thesportsdb.com/images/media/team/badge/9hwvb21621593919.png
Bundesliga,Holstein Kiel,https://r2.thesportsdb.com/images/media/team/badge/1fpmgs1514394524.png
Bundesliga,Mainz,https://r2.thesportsdb.com/images/media/team/badge/fhm9v51552134916.png
Bundesliga,RB Leipzig,https://r2.thesportsdb.com/images/media/team/badge/zjgapo1594244951.png
Bundesliga,St Pauli,https://r2.thesportsdb.com/images/media/team/badge/5qupxa1608237013.png
Bundesliga,Stuttgart,https://r2.thesportsdb.com/images/media/team/badge/yppyux1473454085.png
Bundesliga,Union Berlin,https://r2.thesportsdb.com/images/media/team/badge/q0o5001599679795.png
Bundesliga,Werder Bremen,https://r2.thesportsdb.com/images/media/team/badge/tkvqan1716960454.png
Bundesliga,Wolfsburg,https://r2.thesportsdb.com/images/media/team/badge/07kp421599680274.png
Serie A,AC Milan,https://r2.thesportsdb.com/images/media/team/badge/wvspur1448806617.png
Serie A,Atalanta,https://r2.thesportsdb.com/images/media/team/badge/lrvxg71534873930.png
Serie A,Bologna,https://r2.thesportsdb.com/images/media/team/badge/2qi1u31655592366.png
Serie A,Cagliari,https://r2.thesportsdb.com/images/media/team/badge/wvsvxt1447534471.png
Serie A,Como,https://r2.thesportsdb.com/images/media/team/badge/02x81t1627405841.png
Serie A,Empoli,https://r2.thesportsdb.com/images/media/team/badge/c1ie6b1622561483.png
Serie A,Fiorentina,https://r2.thesportsdb.com/images/media/team/badge/hc8nhu1656098030.png
Serie A,Genoa,https://r2.thesportsdb.com/images/media/team/badge/52s8dn1655553600.png
Serie A,Inter Milan,https://r2.thesportsdb.com/images/media/team/badge/ryhu6d1617113103.png
Serie A,Juventus,https://www.thesportsdb.com/images/media/team/badge/uxf0gr1742983727.png
Serie A,Lazio,https://r2.thesportsdb.com/images/media/team/badge/rwqyvs1448806608.png
Serie A,Lecce,https://r2.thesportsdb.com/images/media/team/badge/j4vznr1567365249.png
Serie A,Monza,https://r2.thesportsdb.com/images/media/team/badge/bxearg1603170113.png
Serie A,Napoli,https://www.thesportsdb.com/images/media/team/badge/l8qyxv1742982541.png
Serie A,Parma Calcio 1913,https://r2.thesportsdb.com/images/media/team/badge/6yiaxs1627406063.png
Serie A,Roma,https://r2.thesportsdb.com/images/media/team/badge/xqpqpq1448806641.png
Serie A,Torino,https://r2.thesportsdb.com/images/media/team/badge/xxprty1448806802.png
Serie A,Udinese,https://r2.thesportsdb.com/images/media/team/badge/vwvstr1448806811.png
Serie A,Venezia,https://r2.thesportsdb.com/images/media/team/badge/95fg4n1656696080.png
Serie A,Verona,https://r2.thesportsdb.com/images/media/team/badge/p6camf1593457737.png
Ligue 1,Angers,https://r2.thesportsdb.com/images/media/team/badge/ix6q4w1678808069.png
Ligue 1,Auxerre,https://r2.thesportsdb.com/images/media/team/badge/lzdtbf1658753355.png
Ligue 1,Brest,https://r2.thesportsdb.com/images/media/team/badge/z69be41598797026.png
Ligue 1,Le Havre,https://r2.thesportsdb.com/images/media/team/badge/aikowk1546475003.png
Ligue 1,Lens,https://r2.thesportsdb.com/images/media/team/badge/3pxoum1598797195.png
Ligue 1,Lille,https://r2.thesportsdb.com/images/media/team/badge/2giize1534005340.png
Ligue 1,Lyon,https://r2.thesportsdb.com/images/media/team/badge/blk9771656932845.png
Ligue 1,Marseille,https://r2.thesportsdb.com/images/media/team/badge/uutsyt1473504764.png
Ligue 1,Monaco,https://r2.thesportsdb.com/images/media/team/badge/exjf5l1678808044.png
Ligue 1,Montpellier,https://r2.thesportsdb.com/images/media/team/badge/ihjm481723228069.png
Ligue 1,Nantes,https://r2.thesportsdb.com/images/media/team/badge/mla9x61678808018.png
Ligue 1,Nice,https://r2.thesportsdb.com/images/media/team/badge/msy7ly1621593859.png
Ligue 1,Paris SG,https://r2.thesportsdb.com/images/media/team/badge/rwqrrq1473504808.png
Ligue 1,Rennes,https://r2.thesportsdb.com/images/media/team/badge/ypturx1473504818.png
Ligue 1,St Etienne,https://r2.thesportsdb.com/images/media/team/badge/m4ej831656423694.png
Ligue 1,Stade de Reims,https://r2.thesportsdb.com/images/media/team/badge/xcrw1b1592925946.png
Ligue 1,Strasbourg,https://r2.thesportsdb.com/images/media/team/badge/yuxtyy1464540071.png
Ligue 1,Toulouse,https://r2.thesportsdb.com/images/media/team/badge/17eqox1688449282.png
MLS,Atlanta United,https://r2.thesportsdb.com/images/media/team/badge/ej091x1602103070.png
MLS,Austin FC,https://r2.thesportsdb.com/images/media/team/badge/a3dlg61595434277.png
MLS,CF Montréal,https://r2.thesportsdb.com/images/media/team/badge/livdl31679344925.png
MLS,Charlotte FC,https://r2.thesportsdb.com/images/media/team/badge/b6p4uz1595434047.png
MLS,Chicago Fire,https://r2.thesportsdb.com/images/media/team/badge/8xuc781639493166.png
MLS,Colorado Rapids,https://r2.thesportsdb.com/images/media/team/badge/uppupv1473536412.png
MLS,Columbus Crew,https://r2.thesportsdb.com/images/media/team/badge/dzs8cp1629059854.png
MLS,DC United,https://r2.thesportsdb.com/images/media/team/badge/uwvsyt1467462609.png
MLS,FC Cincinnati,https://r2.thesportsdb.com/images/media/team/badge/vvhsqc1707631046.png
MLS,FC Dallas,https://r2.thesportsdb.com/images/media/team/badge/vxy8xy1602103187.png
MLS,Houston Dynamo,https://r2.thesportsdb.com/images/media/team/badge/yvz9dq1707631352.png
MLS,Inter Miami,https://r2.thesportsdb.com/images/media/team/badge/m4it3e1602103647.png
MLS,LA Galaxy,https://r2.thesportsdb.com/images/media/team/badge/ysyysr1420227188.png
MLS,Los Angeles FC,https://r2.thesportsdb.com/images/media/team/badge/7nbj2a1602103638.png
MLS,Minnesota United,https://r2.thesportsdb.com/images/media/team/badge/vl67t41492453433.png
MLS,Nashville SC,https://r2.thesportsdb.com/images/media/team/badge/znrwt71602103062.png
MLS,New England Revolution,https://r2.thesportsdb.com/images/media/team/badge/1ula2l1639493143.png
MLS,New York City FC,https://r2.thesportsdb.com/images/media/team/badge/m9vis71735140655.png
MLS,New York Red Bulls,https://r2.thesportsdb.com/images/media/team/badge/suytvy1473536462.png
MLS,Orlando City,https://r2.thesportsdb.com/images/media/team/badge/qyppxw1423832326.png
MLS,Philadelphia Union,https://r2.thesportsdb.com/images/media/team/badge/gyznyo1602103682.png
MLS,Portland Timbers,https://r2.thesportsdb.com/images/media/team/badge/skm30j1557953559.png
MLS,Real Salt Lake,https://r2.thesportsdb.com/images/media/team/badge/kkjlfa1556488022.png
MLS,San Diego FC,https://r2.thesportsdb.com/images/media/team/badge/7ka2xd1734621068.png
MLS,San Jose Earthquakes,https://r2.thesportsdb.com/images/media/team/badge/xyrqqt1420781048.png
MLS,Seattle Sounders FC,https://r2.thesportsdb.com/images/media/team/badge/2dy5cx1706711036.png
MLS,Sporting Kansas City,https://r2.thesportsdb.com/images/media/team/badge/tqupxw1473536504.png
MLS,St. Louis City SC,https://r2.thesportsdb.com/images/media/team/badge/22wanp1674118724.png
MLS,Toronto FC,https://r2.thesportsdb.com/images/media/team/badge/rsxyrr1473536512.png
MLS,Vancouver Whitecaps,https://r2.thesportsdb.com/images/media/team/badge/tpwxpy1473536521.png
Formula 1,Aston Martin Aramco Formula One Team,https://r2.thesportsdb.com/images/media/team/badge/ez5rlk1740774066.png
Formula 1,BWT Alpine Formula One Team,https://r2.thesportsdb.com/images/media/team/badge/ozhoj31740774899.png
Formula 1,McLaren Formula 1 Team,https://www.thesportsdb.com/images/media/team/badge/kzqi7v1743602056.png
Formula 1,Mercedes-AMG PETRONAS Formula One Team,https://www.thesportsdb.com/images/media/team/badge/6caw0r1744037679.png
Formula 1,MoneyGram Haas F1 Team,https://r2.thesportsdb.com/images/media/team/badge/9yp3s51740773680.png
Formula 1,Oracle Red Bull Racing,https://r2.thesportsdb.com/images/media/team/badge/nhlev81679826274.png
Formula 1,Scuderia Ferrari HP,https://r2.thesportsdb.com/images/media/team/badge/rxwsqv1420417429.png
Formula 1,Stake F1 Team Kick Sauber,https://r2.thesportsdb.com/images/media/team/badge/psi58y1709367081.png
Formula 1,Visa Cash App Racing Bulls Formula One Team,https://r2.thesportsdb.com/images/media/team/badge/ot7pjx1740775883.png
Formula 1,Williams Racing,https://r2.thesportsdb.com/images/media/team/badge/fp1cil1740776050.png
ATP Tour,Abilene Christian,https://r2.thesportsdb.com/images/media/team/badge/sp2y721564356285.png
ATP Tour,Air Force,https://r2.thesportsdb.com/images/media/team/badge/e6uuy31564335414.png
ATP Tour,Akron,https://r2.thesportsdb.com/images/media/team/badge/z6bowf1642618359.png
ATP Tour,Alabama,https://r2.thesportsdb.com/images/media/team/badge/9phwqo1564335442.png
ATP Tour,Alabama A and M,https://r2.thesportsdb.com/images/media/team/badge/h5op3o1564356307.png
ATP Tour,Alabama State,https://r2.thesportsdb.com/images/media/team/badge/vv7mkf1564356318.png
ATP Tour,Albany,https://r2.thesportsdb.com/images/media/team/badge/sy2vfp1641186482.png
ATP Tour,Alcorn State,https://r2.thesportsdb.com/images/media/team/badge/cppo791564356343.png
ATP Tour,Appalachian State,https://r2.thesportsdb.com/images/media/team/badge/0qlwu41564335456.png
ATP Tour,Arizona,https://r2.thesportsdb.com/images/media/team/badge/kq29h81564335468.png
ATP Tour,Arizona State,https://r2.thesportsdb.com/images/media/team/badge/vl7snd1564335486.png
ATP Tour,Arkansas,https://r2.thesportsdb.com/images/media/team/badge/ld6vr01564335507.png
ATP Tour,Arkansas State,https://r2.thesportsdb.com/images/media/team/badge/2ltd3o1564335519.png
ATP Tour,Arkansas-Pine Bluff,https://r2.thesportsdb.com/images/media/team/badge/t83v6e1564356354.png
ATP Tour,Army,https://r2.thesportsdb.com/images/media/team/badge/4bkc0u1564335535.png
ATP Tour,Auburn,https://r2.thesportsdb.com/images/media/team/badge/tfd71j1564335548.png
ATP Tour,Austin Peay,https://r2.thesportsdb.com/images/media/team/badge/scfd6a1564356368.png
ATP Tour,Ball State,https://r2.thesportsdb.com/images/media/team/badge/vvm4051564335560.png
ATP Tour,Baylor,https://r2.thesportsdb.com/images/media/team/badge/jg7d4u1564335573.png
ATP Tour,Bethune-Cookman,https://r2.thesportsdb.com/images/media/team/badge/e5u35p1564356390.png
ATP Tour,Boise State,https://r2.thesportsdb.com/images/media/team/badge/xoc6qn1564335585.png
ATP Tour,Boston College,https://r2.thesportsdb.com/images/media/team/badge/rjcv1o1564335608.png
ATP Tour,Bowling Green,https://r2.thesportsdb.com/images/media/team/badge/myeqvv1564335625.png
ATP Tour,Brown,https://r2.thesportsdb.com/images/media/team/badge/0vnxzs1564356402.png
ATP Tour,Bryant,https://r2.thesportsdb.com/images/media/team/badge/1cewbd1564356412.png
ATP Tour,Bucknell,https://r2.thesportsdb.com/images/media/team/badge/tv80hi1564356422.png
ATP Tour,Buffalo,https://r2.thesportsdb.com/images/media/team/badge/yn23zn1564335641.png
ATP Tour,Butler,https://r2.thesportsdb.com/images/media/team/badge/uhndgs1564356431.png
ATP Tour,BYU,https://r2.thesportsdb.com/images/media/team/badge/ypg2cw1641184997.png
ATP Tour,Cal Poly,https://r2.thesportsdb.com/images/media/team/badge/bu56i61564356445.png
ATP Tour,California,https://r2.thesportsdb.com/images/media/team/badge/l4qxzs1564335666.png
ATP Tour,Campbell,https://r2.thesportsdb.com/images/media/team/badge/xm0tn51564356479.png
ATP Tour,Central Arkansas,https://r2.thesportsdb.com/images/media/team/badge/37ylja1641185981.png
ATP Tour,Central Connecticut,https://r2.thesportsdb.com/images/media/team/badge/wiuf211564356501.png
ATP Tour,Central Michigan,https://r2.thesportsdb.com/images/media/team/badge/w4khb21564335681.png
ATP Tour,Charleston Southern,https://r2.thesportsdb.com/images/media/team/badge/ulkb181564356515.png
ATP Tour,Charlotte,https://r2.thesportsdb.com/images/media/team/badge/h09jf41564335694.png
ATP Tour,Chattanooga,https://r2.thesportsdb.com/images/media/team/badge/9ztgeu1564356524.png
ATP Tour,Cincinnati,https://r2.thesportsdb.com/images/media/team/badge/v2nns51567108787.png
ATP Tour,Clemson,https://r2.thesportsdb.com/images/media/team/badge/uj6mri1564335728.png
ATP Tour,Coastal Carolina,https://r2.thesportsdb.com/images/media/team/badge/p3jizw1564335745.png
ATP Tour,Colgate,https://r2.thesportsdb.com/images/media/team/badge/7q9nro1564356542.png
ATP Tour,Colorado,https://r2.thesportsdb.com/images/media/team/badge/fo0l7i1564335758.png
ATP Tour,Colorado State,https://r2.thesportsdb.com/images/media/team/badge/o3mzt61564335773.png
ATP Tour,Columbia,https://r2.thesportsdb.com/images/media/team/badge/0wdnvj1564356552.png
ATP Tour,Cornell,https://r2.thesportsdb.com/images/media/team/badge/nzzfv81564356563.png
ATP Tour,Dartmouth,https://r2.thesportsdb.com/images/media/team/badge/i66usz1564356574.png
ATP Tour,Davidson,https://r2.thesportsdb.com/images/media/team/badge/r6b8o41564356586.png
ATP Tour,Dayton,https://r2.thesportsdb.com/images/media/team/badge/c8577h1564356596.png
ATP Tour,Delaware,https://r2.thesportsdb.com/images/media/team/badge/dfwimk1564356605.png
ATP Tour,Delaware State,https://r2.thesportsdb.com/images/media/team/badge/kgk9xc1564356619.png
ATP Tour,Drake,https://r2.thesportsdb.com/images/media/team/badge/xswen91564356633.png
ATP Tour,Duke,https://r2.thesportsdb.com/images/media/team/badge/lw480n1564335789.png
ATP Tour,Duquesne,https://r2.thesportsdb.com/images/media/team/badge/5o73fa1666174247.png
ATP Tour,East Carolina,https://r2.thesportsdb.com/images/media/team/badge/tvf3xp1564335802.png
ATP Tour,East Tennessee State,https://r2.thesportsdb.com/images/media/team/badge/p7jk7i1564356656.png
ATP Tour,Eastern Illinois,https://r2.thesportsdb.com/images/media/team/badge/w273ul1564356668.png
ATP Tour,Eastern Kentucky,https://r2.thesportsdb.com/images/media/team/badge/wqzd8n1641186030.png
ATP Tour,Eastern Michigan,https://r2.thesportsdb.com/images/media/team/badge/7a4tj21564335825.png
ATP Tour,Eastern Washington,https://r2.thesportsdb.com/images/media/team/badge/54hvdf1564356694.png
ATP Tour,Elon,https://r2.thesportsdb.com/images/media/team/badge/ni1cv01590490638.png
ATP Tour,FIU,https://r2.thesportsdb.com/images/media/team/badge/cdys521564335854.png
ATP Tour,Florida,https://r2.thesportsdb.com/images/media/team/badge/13ybv61564335868.png
ATP Tour,Florida A and M,https://r2.thesportsdb.com/images/media/team/badge/dr4e2a1564356724.png
ATP Tour,Florida Atlantic,https://r2.thesportsdb.com/images/media/team/badge/a72jia1666264331.png
ATP Tour,Florida State,https://r2.thesportsdb.com/images/media/team/badge/e5uzkd1642618216.png
ATP Tour,Fordham,https://r2.thesportsdb.com/images/media/team/badge/tjambo1564356736.png
ATP Tour,Fresno State,https://r2.thesportsdb.com/images/media/team/badge/0hcagy1564335911.png
ATP Tour,Furman,https://r2.thesportsdb.com/images/media/team/badge/49b9f21564356747.png
ATP Tour,Gardner-Webb,https://r2.thesportsdb.com/images/media/team/badge/xrl8641564356758.png
ATP Tour,Georgetown,https://r2.thesportsdb.com/images/media/team/badge/feilur1564356770.png
ATP Tour,Georgia,https://r2.thesportsdb.com/images/media/team/badge/so7nct1641185101.png
ATP Tour,Georgia Southern,https://r2.thesportsdb.com/images/media/team/badge/93j5w61643576745.png
ATP Tour,Georgia State,https://r2.thesportsdb.com/images/media/team/badge/4ym7d91564335942.png
ATP Tour,Georgia Tech,https://r2.thesportsdb.com/images/media/team/badge/djodog1642631369.png
ATP Tour,Grambling State,https://r2.thesportsdb.com/images/media/team/badge/gfkmkt1564356783.png
ATP Tour,Hampton,https://r2.thesportsdb.com/images/media/team/badge/duba0i1564356800.png
ATP Tour,Harvard,https://r2.thesportsdb.com/images/media/team/badge/aluiqt1564356811.png
ATP Tour,Hawaii,https://r2.thesportsdb.com/images/media/team/badge/qfl0dm1564335972.png
ATP Tour,Holy Cross,https://r2.thesportsdb.com/images/media/team/badge/ylpo3m1564356823.png
ATP Tour,Houston,https://r2.thesportsdb.com/images/media/team/badge/xznb791564335987.png
ATP Tour,Houston Baptist,https://r2.thesportsdb.com/images/media/team/badge/0o1x6k1564356835.png
ATP Tour,Howard,https://r2.thesportsdb.com/images/media/team/badge/oohvcl1564356852.png
ATP Tour,Idaho,https://r2.thesportsdb.com/images/media/team/badge/j6mbzk1642618619.png
ATP Tour,Idaho State,https://r2.thesportsdb.com/images/media/team/badge/dx268i1564356893.png
ATP Tour,Illinois,https://r2.thesportsdb.com/images/media/team/badge/qmgdlg1564336005.png
ATP Tour,Illinois State,https://r2.thesportsdb.com/images/media/team/badge/xucvxa1564356903.png
ATP Tour,Incarnate Word,https://r2.thesportsdb.com/images/media/team/badge/bxd73u1564356920.png
ATP Tour,Indiana,https://r2.thesportsdb.com/images/media/team/badge/pwcsog1564336028.png
ATP Tour,Indiana State,https://r2.thesportsdb.com/images/media/team/badge/tt6k7q1567268208.png
ATP Tour,Iowa,https://r2.thesportsdb.com/images/media/team/badge/hl927m1740945744.png
ATP Tour,Iowa State,https://r2.thesportsdb.com/images/media/team/badge/4jixla1564336059.png
ATP Tour,Jackson State,https://r2.thesportsdb.com/images/media/team/badge/zvb5721564356954.png
ATP Tour,Jacksonville State,https://r2.thesportsdb.com/images/media/team/badge/66u2j51564356985.png
ATP Tour,James Madison,https://r2.thesportsdb.com/images/media/team/badge/fdqmd11564356998.png
ATP Tour,Kansas,https://r2.thesportsdb.com/images/media/team/badge/u2u79k1567267891.png
ATP Tour,Kansas State,https://r2.thesportsdb.com/images/media/team/badge/h1yxnm1564336087.png
ATP Tour,Kennesaw State,https://r2.thesportsdb.com/images/media/team/badge/0fgnub1564357017.png
ATP Tour,Kent State,https://r2.thesportsdb.com/images/media/team/badge/v44r9o1564336098.png
ATP Tour,Kentucky,https://r2.thesportsdb.com/images/media/team/badge/zbfves1564336111.png
ATP Tour,Lafayette,https://r2.thesportsdb.com/images/media/team/badge/ckx2e31564357032.png
ATP Tour,Lamar,https://r2.thesportsdb.com/images/media/team/badge/r8nqou1564357043.png
ATP Tour,Lehigh,https://r2.thesportsdb.com/images/media/team/badge/mbtef81564357063.png
ATP Tour,Liberty,https://r2.thesportsdb.com/images/media/team/badge/z26guc1564336125.png
ATP Tour,Lindenwood,https://r2.thesportsdb.com/images/media/team/badge/uekg751725018489.png
ATP Tour,Long Island,https://r2.thesportsdb.com/images/media/team/badge/xhvw7v1571583656.png
ATP Tour,Louisiana,https://r2.thesportsdb.com/images/media/team/badge/f3t31f1564336137.png
ATP Tour,Louisiana Tech,https://r2.thesportsdb.com/images/media/team/badge/3tshlf1564336155.png
ATP Tour,Louisiana-Monroe,https://r2.thesportsdb.com/images/media/team/badge/89xsqo1641185759.png
ATP Tour,Louisville,https://r2.thesportsdb.com/images/media/team/badge/eb6qjl1564336166.png
ATP Tour,LSU,https://r2.thesportsdb.com/images/media/team/badge/jcj91i1564336177.png
ATP Tour,Maine,https://r2.thesportsdb.com/images/media/team/badge/8gu3u81641186751.png
ATP Tour,Marist,https://r2.thesportsdb.com/images/media/team/badge/kuhc361564357092.png
ATP Tour,Marshall,https://r2.thesportsdb.com/images/media/team/badge/9hakac1643576435.png
ATP Tour,Maryland,https://r2.thesportsdb.com/images/media/team/badge/n5usgw1738413354.png
ATP Tour,McNeese State,https://r2.thesportsdb.com/images/media/team/badge/c498av1564357104.png
ATP Tour,Memphis,https://r2.thesportsdb.com/images/media/team/badge/wvucol1564336213.png
ATP Tour,Mercer,https://r2.thesportsdb.com/images/media/team/badge/lz14oz1564357117.png
ATP Tour,Merrimack,https://r2.thesportsdb.com/images/media/team/badge/ex5l5w1564409601.png
ATP Tour,Miami (FL),https://r2.thesportsdb.com/images/media/team/badge/0kqdcr1564336226.png
ATP Tour,Miami (OH),https://r2.thesportsdb.com/images/media/team/badge/9omzk31564336236.png
ATP Tour,Michigan,https://r2.thesportsdb.com/images/media/team/badge/17dz0w1666300696.png
ATP Tour,Michigan State,https://r2.thesportsdb.com/images/media/team/badge/2xn7yd1564336256.png
ATP Tour,Middle Tennessee,https://r2.thesportsdb.com/images/media/team/badge/0x4wrc1738493526.png
ATP Tour,Minnesota,https://r2.thesportsdb.com/images/media/team/badge/yi3r291564336279.png
ATP Tour,Mississippi State,https://r2.thesportsdb.com/images/media/team/badge/76t8hm1720336193.png
ATP Tour,Mississippi Valley State,https://r2.thesportsdb.com/images/media/team/badge/sjqrwh1564357133.png
ATP Tour,Missouri,https://r2.thesportsdb.com/images/media/team/badge/pa58ef1564336303.png
ATP Tour,Missouri State,https://r2.thesportsdb.com/images/media/team/badge/outdlf1564357157.png
ATP Tour,Monmouth,https://r2.thesportsdb.com/images/media/team/badge/hz6qko1641185222.png
ATP Tour,Montana,https://r2.thesportsdb.com/images/media/team/badge/4yditr1564357194.png
ATP Tour,Montana State,https://r2.thesportsdb.com/images/media/team/badge/9tsmzq1564357211.png
ATP Tour,Morehead State,https://r2.thesportsdb.com/images/media/team/badge/c1qxce1564357224.png
ATP Tour,Morgan State,https://r2.thesportsdb.com/images/media/team/badge/e669bn1564357240.png
ATP Tour,Murray State,https://r2.thesportsdb.com/images/media/team/badge/z34gzs1564357253.png
ATP Tour,Navy,https://r2.thesportsdb.com/images/media/team/badge/y9dlzu1564336318.png
ATP Tour,NC State,https://r2.thesportsdb.com/images/media/team/badge/ruwa1o1641184063.png
ATP Tour,Nebraska,https://r2.thesportsdb.com/images/media/team/badge/ji985m1666432245.png
ATP Tour,Nevada,https://r2.thesportsdb.com/images/media/team/badge/dbgpk81642633288.png
ATP Tour,New Hampshire,https://r2.thesportsdb.com/images/media/team/badge/tgm44s1564357267.png
ATP Tour,New Mexico,https://r2.thesportsdb.com/images/media/team/badge/dpo6hf1564336363.png
ATP Tour,New Mexico State,https://r2.thesportsdb.com/images/media/team/badge/k8qb1s1564336377.png
ATP Tour,Nicholls,https://r2.thesportsdb.com/images/media/team/badge/whnpdz1564357285.png
ATP Tour,Norfolk State,https://r2.thesportsdb.com/images/media/team/badge/wj74vd1564357299.png
ATP Tour,North Alabama,https://r2.thesportsdb.com/images/media/team/badge/egkhkd1564409636.png
ATP Tour,North Carolina,https://r2.thesportsdb.com/images/media/team/badge/cux1ca1564336390.png
ATP Tour,North Carolina A and T,https://r2.thesportsdb.com/images/media/team/badge/3tekvm1564357322.png
ATP Tour,North Carolina Central,https://r2.thesportsdb.com/images/media/team/badge/48bx4k1564357341.png
ATP Tour,North Dakota,https://r2.thesportsdb.com/images/media/team/badge/rlvfw81564357369.png
ATP Tour,North Dakota State,https://r2.thesportsdb.com/images/media/team/badge/35rm031564357382.png
ATP Tour,North Texas,https://r2.thesportsdb.com/images/media/team/badge/pbaycq1564336435.png
ATP Tour,Northern Arizona,https://r2.thesportsdb.com/images/media/team/badge/cjcw5w1564357412.png
ATP Tour,Northern Colorado,https://r2.thesportsdb.com/images/media/team/badge/xzxd1c1564357428.png
ATP Tour,Northern Illinois,https://r2.thesportsdb.com/images/media/team/badge/ptrbw61564336450.png
ATP Tour,Northern Iowa,https://r2.thesportsdb.com/images/media/team/badge/fwh94e1564357444.png
ATP Tour,Northwestern,https://r2.thesportsdb.com/images/media/team/badge/k26rrt1642618418.png
ATP Tour,Northwestern State,https://r2.thesportsdb.com/images/media/team/badge/whlpfl1564357457.png
ATP Tour,Notre Dame,https://r2.thesportsdb.com/images/media/team/badge/w0jd2o1564336487.png
ATP Tour,Ohio,https://r2.thesportsdb.com/images/media/team/badge/uggxw21564336498.png
ATP Tour,Ohio State,https://r2.thesportsdb.com/images/media/team/badge/egfzq81564336508.png
ATP Tour,Oklahoma,https://r2.thesportsdb.com/images/media/team/badge/pfm7mq1564336521.png
ATP Tour,Oklahoma State,https://r2.thesportsdb.com/images/media/team/badge/7ymwdt1564336530.png
ATP Tour,Old Dominion,https://r2.thesportsdb.com/images/media/team/badge/2opepc1564336540.png
ATP Tour,Ole Miss,https://r2.thesportsdb.com/images/media/team/badge/l74mp21564336550.png
ATP Tour,Oregon,https://r2.thesportsdb.com/images/media/team/badge/p7qmdy1564336566.png
ATP Tour,Oregon State,https://r2.thesportsdb.com/images/media/team/badge/pisnoj1564336578.png
ATP Tour,Penn,https://r2.thesportsdb.com/images/media/team/badge/75xpln1564357477.png
ATP Tour,Penn State,https://r2.thesportsdb.com/images/media/team/badge/q1t6wc1568478893.png
ATP Tour,Pittsburgh,https://r2.thesportsdb.com/images/media/team/badge/x3hydm1568478796.png
ATP Tour,Portland State,https://r2.thesportsdb.com/images/media/team/badge/nxevop1564357492.png
ATP Tour,Prairie View A and M,https://r2.thesportsdb.com/images/media/team/badge/q647lf1564357504.png
ATP Tour,Presbyterian,https://r2.thesportsdb.com/images/media/team/badge/crgq3h1564357538.png
ATP Tour,Princeton,https://r2.thesportsdb.com/images/media/team/badge/jctpri1564357550.png
ATP Tour,Purdue,https://r2.thesportsdb.com/images/media/team/badge/mgmssw1641184671.png
ATP Tour,Rhode Island,https://r2.thesportsdb.com/images/media/team/badge/w862tp1564357561.png
ATP Tour,Rice,https://r2.thesportsdb.com/images/media/team/badge/57tbpf1564336630.png
ATP Tour,Richmond,https://r2.thesportsdb.com/images/media/team/badge/9ci0hi1643576870.png
ATP Tour,Robert Morris,https://r2.thesportsdb.com/images/media/team/badge/v51r5d1564357587.png
ATP Tour,Rutgers,https://r2.thesportsdb.com/images/media/team/badge/5vmsmr1564336642.png
ATP Tour,Sacramento State,https://r2.thesportsdb.com/images/media/team/badge/m8dpmp1564357599.png
ATP Tour,Sacred Heart,https://r2.thesportsdb.com/images/media/team/badge/57d1ih1564357614.png
ATP Tour,Saint Francis,https://r2.thesportsdb.com/images/media/team/badge/3s38pd1564357625.png
ATP Tour,Sam Houston State,https://r2.thesportsdb.com/images/media/team/badge/24i8ua1642638402.png
ATP Tour,Samford,https://r2.thesportsdb.com/images/media/team/badge/60hf2p1564357671.png
ATP Tour,San Diego,https://r2.thesportsdb.com/images/media/team/badge/r1kbgy1564357684.png
ATP Tour,San Diego State,https://r2.thesportsdb.com/images/media/team/badge/96q3ry1564336657.png
ATP Tour,San Jose State,https://r2.thesportsdb.com/images/media/team/badge/5q97c21564336668.png
ATP Tour,Savannah State,https://r2.thesportsdb.com/images/media/team/badge/qieohd1564409669.png
ATP Tour,SMU,https://r2.thesportsdb.com/images/media/team/badge/csw4ek1564336678.png
ATP Tour,South Alabama,https://r2.thesportsdb.com/images/media/team/badge/vlya5x1641184721.png
ATP Tour,South Carolina,https://r2.thesportsdb.com/images/media/team/badge/yk1lc61740945178.png
ATP Tour,South Carolina State,https://r2.thesportsdb.com/images/media/team/badge/p3h5zx1564357700.png
ATP Tour,South Dakota,https://r2.thesportsdb.com/images/media/team/badge/r1l1u61564357712.png
ATP Tour,South Dakota State,https://r2.thesportsdb.com/images/media/team/badge/nos9v11564357726.png
ATP Tour,South Florida,https://r2.thesportsdb.com/images/media/team/badge/30r5fn1564336938.png
ATP Tour,Southeast Missouri State,https://r2.thesportsdb.com/images/media/team/badge/0jw7qv1564357740.png
ATP Tour,Southeastern Louisiana,https://r2.thesportsdb.com/images/media/team/badge/zz7ad11564357762.png
ATP Tour,Southern,https://r2.thesportsdb.com/images/media/team/badge/lfzgcu1564357775.png
ATP Tour,Southern Illinois,https://r2.thesportsdb.com/images/media/team/badge/gfed1x1642618522.png
ATP Tour,Southern Miss,https://r2.thesportsdb.com/images/media/team/badge/62zn791564336723.png
ATP Tour,Southern Utah,https://r2.thesportsdb.com/images/media/team/badge/fgq97r1564357803.png
ATP Tour,Stanford,https://r2.thesportsdb.com/images/media/team/badge/47vwmx1564336739.png
ATP Tour,Stephen F. Austin,https://r2.thesportsdb.com/images/media/team/badge/bf59391564357817.png
ATP Tour,Stetson,https://r2.thesportsdb.com/images/media/team/badge/pigbzf1641186386.png
ATP Tour,Stony Brook,https://r2.thesportsdb.com/images/media/team/badge/iw5mgp1642722770.png
ATP Tour,Syracuse,https://r2.thesportsdb.com/images/media/team/badge/kldu091564336752.png
ATP Tour,Tarleton State,https://r2.thesportsdb.com/images/media/team/badge/mhje911658703343.png
ATP Tour,TCU,https://r2.thesportsdb.com/images/media/team/badge/tar4cv1564336761.png
ATP Tour,Temple,https://r2.thesportsdb.com/images/media/team/badge/7ykypw1643210047.png
ATP Tour,Tennessee,https://r2.thesportsdb.com/images/media/team/badge/3ph0z91564336782.png
ATP Tour,Tennessee State,https://r2.thesportsdb.com/images/media/team/badge/iyjm3g1564357880.png
ATP Tour,Tennessee Tech,https://r2.thesportsdb.com/images/media/team/badge/ygibhs1564357892.png
ATP Tour,Texas,https://r2.thesportsdb.com/images/media/team/badge/jjyr0y1564336795.png
ATP Tour,Texas A and M,https://r2.thesportsdb.com/images/media/team/badge/tsu3lj1564336806.png
ATP Tour,Texas A and M Commerce,https://r2.thesportsdb.com/images/media/team/badge/me0gdr1693642345.png
ATP Tour,Texas Southern,https://r2.thesportsdb.com/images/media/team/badge/mjiptf1564357904.png
ATP Tour,Texas State,https://r2.thesportsdb.com/images/media/team/badge/ux54w01564336819.png
ATP Tour,Texas Tech,https://r2.thesportsdb.com/images/media/team/badge/vksj451564336834.png
ATP Tour,The Citadel,https://r2.thesportsdb.com/images/media/team/badge/wp3dr81641185558.png
ATP Tour,Toledo,https://r2.thesportsdb.com/images/media/team/badge/op6auv1564336847.png
ATP Tour,Towson,https://r2.thesportsdb.com/images/media/team/badge/gog8ig1564357927.png
ATP Tour,Troy,https://r2.thesportsdb.com/images/media/team/badge/i1pawc1564336858.png
ATP Tour,Tulane,https://r2.thesportsdb.com/images/media/team/badge/f9a56o1643576580.png
ATP Tour,Tulsa,https://r2.thesportsdb.com/images/media/team/badge/97u0711564336879.png
ATP Tour,UAB,https://r2.thesportsdb.com/images/media/team/badge/dsbj9o1564336891.png
ATP Tour,UC Davis,https://r2.thesportsdb.com/images/media/team/badge/rwsji71564357939.png
ATP Tour,UCF,https://r2.thesportsdb.com/images/media/team/badge/v3nqtc1564336904.png
ATP Tour,UCLA,https://r2.thesportsdb.com/images/media/team/badge/dd0bea1567109356.png
ATP Tour,UConn,https://r2.thesportsdb.com/images/media/team/badge/uzifbr1564336981.png
ATP Tour,UMass,https://r2.thesportsdb.com/images/media/team/badge/ul7y931564336992.png
ATP Tour,UNLV,https://r2.thesportsdb.com/images/media/team/badge/kdsryu1564337003.png
ATP Tour,USC,https://r2.thesportsdb.com/images/media/team/badge/4403h51564337013.png
ATP Tour,UT Martin,https://r2.thesportsdb.com/images/media/team/badge/omy8ht1564357951.png
ATP Tour,Utah,https://r2.thesportsdb.com/images/media/team/badge/4dcpw51564337024.png
ATP Tour,Utah State,https://r2.thesportsdb.com/images/media/team/badge/biszga1564337039.png
ATP Tour,Utah Tech,https://r2.thesportsdb.com/images/media/team/badge/u7oo5w1658703520.png
ATP Tour,UTEP,https://r2.thesportsdb.com/images/media/team/badge/f02pdz1564337050.png
ATP Tour,UTSA,https://r2.thesportsdb.com/images/media/team/badge/lr2f2t1564337059.png
ATP Tour,Valparaiso,https://r2.thesportsdb.com/images/media/team/badge/1ifyws1564357962.png
ATP Tour,Vanderbilt,https://r2.thesportsdb.com/images/media/team/badge/zhtr8b1564337070.png
ATP Tour,Villanova,https://r2.thesportsdb.com/images/media/team/badge/8w35sk1564357973.png
ATP Tour,Virginia,https://r2.thesportsdb.com/images/media/team/badge/2cvvb01641184446.png
ATP Tour,Virginia Tech,https://r2.thesportsdb.com/images/media/team/badge/hwesp71564337090.png
ATP Tour,VMI,https://r2.thesportsdb.com/images/media/team/badge/in47bv1564357984.png
ATP Tour,Wagner,https://r2.thesportsdb.com/images/media/team/badge/21o2tm1564357999.png
ATP Tour,Wake Forest,https://r2.thesportsdb.com/images/media/team/badge/isj3r11564337101.png
ATP Tour,Washington,https://r2.thesportsdb.com/images/media/team/badge/9smu951564337111.png
ATP Tour,Washington State,https://r2.thesportsdb.com/images/media/team/badge/aog7rm1564337122.png
ATP Tour,Weber State,https://r2.thesportsdb.com/images/media/team/badge/gxh2g11564358011.png
ATP Tour,West Virginia,https://r2.thesportsdb.com/images/media/team/badge/yyn0wz1564337133.png
ATP Tour,Western Carolina,https://r2.thesportsdb.com/images/media/team/badge/1qyc651564358021.png
ATP Tour,Western Illinois,https://r2.thesportsdb.com/images/media/team/badge/hyw0571564358030.png
ATP Tour,Western Kentucky,https://r2.thesportsdb.com/images/media/team/badge/o96a831564337158.png
ATP Tour,Western Michigan,https://r2.thesportsdb.com/images/media/team/badge/4nmakk1641186437.png
ATP Tour,William and  Mary,https://r2.thesportsdb.com/images/media/team/badge/6zuw241564358041.png
ATP Tour,Wisconsin,https://r2.thesportsdb.com/images/media/team/badge/vk8twd1564337191.png
ATP Tour,Wofford,https://r2.thesportsdb.com/images/media/team/badge/f99c0m1564358050.png
ATP Tour,Wyoming,https://r2.thesportsdb.com/images/media/team/badge/y93q8d1564337206.png
ATP Tour,Yale,https://r2.thesportsdb.com/images/media/team/badge/g8sp211564358060.png
ATP Tour,Youngstown State,https://r2.thesportsdb.com/images/media/team/badge/ubjb2k1564358069.png
UFC,Durham,https://r2.thesportsdb.com/images/media/team/badge/chwe901512937550.png
UFC,Essex,https://r2.thesportsdb.com/images/media/team/badge/h4sse51512933114.png
UFC,Hampshire,https://r2.thesportsdb.com/images/media/team/badge/zos2qr1512933145.png
UFC,Kent,https://r2.thesportsdb.com/images/media/team/badge/j9k7om1717595438.png
UFC,Lancashire,https://r2.thesportsdb.com/images/media/team/badge/m1ljqz1546518856.png
UFC,Nottinghamshire,https://r2.thesportsdb.com/images/media/team/badge/vzixwm1671721158.png
UFC,Somerset,https://r2.thesportsdb.com/images/media/team/badge/ba0m9n1546518813.png
UFC,Surrey,https://r2.thesportsdb.com/images/media/team/badge/pl0yk51512933420.png
UFC,Warwickshire,https://r2.thesportsdb.com/images/media/team/badge/w5yo7x1512937763.png
UFC,Worcestershire,https://r2.thesportsdb.com/images/media/team/badge/pnjm9d1512937464.png
WNBA,2 Seas Motorsport,https://r2.thesportsdb.com/images/media/team/badge/438lyu1593782196.png
WNBA,Barwell Motorsport,https://r2.thesportsdb.com/images/media/team/badge/2cpf5e1593030092.png
WNBA,Beechdean AMR,https://r2.thesportsdb.com/images/media/team/badge/y61ygh1593030312.png
WNBA,Blackthorn,https://r2.thesportsdb.com/images/media/team/badge/sx7pqi1714737817.png
WNBA,Bridger Motorsport,https://www.thesportsdb.com/images/media/team/badge/imoumg1747152118.png
WNBA,Century Motorsport,https://r2.thesportsdb.com/images/media/team/badge/7d8cbj1593029291.png
WNBA,Greystone GT,https://www.thesportsdb.com/images/media/team/badge/c2s0541747152453.png
WNBA,Jolt Racing GT4,https://www.thesportsdb.com/images/media/team/badge/6y2jh21747229593.png
WNBA,Mahiki Racing,https://www.thesportsdb.com/images/media/team/badge/lw1q3f1747240483.png
WNBA,MKH Racing,https://www.thesportsdb.com/images/media/team/badge/ya9wm91747248977.png
WNBA,Optimum Motorsport GT3,https://r2.thesportsdb.com/images/media/team/badge/u80rpq1593029957.png
WNBA,Optimum Motorsport GT4,https://www.thesportsdb.com/images/media/team/badge/bldfjz1747228017.png
WNBA,Orange Racing powered by JMH,https://www.thesportsdb.com/images/media/team/badge/rcahj41747220772.png
WNBA,Paddock Motorsport,https://www.thesportsdb.com/images/media/team/badge/hiyswr1747221148.png
WNBA,Rob Boston Racing,https://www.thesportsdb.com/images/media/team/badge/id87gu1747307287.png
WNBA,Spirit of Race,https://www.thesportsdb.com/images/media/team/badge/430x4w1747224529.png
WNBA,Team Abba Racing,https://r2.thesportsdb.com/images/media/team/badge/l0g1z01593098082.png
WNBA,Team Parker Racing GT3,https://www.thesportsdb.com/images/media/team/badge/3hu1xy1747227873.png
WNBA,Team Parker Racing GT4,https://www.thesportsdb.com/images/media/team/badge/d48lef1747305261.png
CFL,BC Dubai,https://r2.thesportsdb.com/images/media/team/badge/0jwmuu1726905652.png
CFL,Cibona Zagreb,https://r2.thesportsdb.com/images/media/team/badge/6gmgox1673366440.png
CFL,KK Borac Čačak,https://r2.thesportsdb.com/images/media/team/badge/zlaah41673366742.png
CFL,KK Budućnost,https://r2.thesportsdb.com/images/media/team/badge/lb6qrs1673366462.png
CFL,KK Cedevita Olimpija,https://r2.thesportsdb.com/images/media/team/badge/ef3e6j1673366478.png
CFL,KK Crvena zvezda,https://r2.thesportsdb.com/images/media/team/badge/10js2d1673366487.png
CFL,KK FMP,https://r2.thesportsdb.com/images/media/team/badge/yym0r31673366500.png
CFL,KK Igokea,https://r2.thesportsdb.com/images/media/team/badge/k2mjtc1673366512.png
CFL,KK Krka,https://r2.thesportsdb.com/images/media/team/badge/ri89zp1642094379.png
CFL,KK Mega Basket,https://r2.thesportsdb.com/images/media/team/badge/636c9i1673366521.png
CFL,KK Mornar Bar,https://r2.thesportsdb.com/images/media/team/badge/335tzi1673366535.png
CFL,KK Partizan,https://r2.thesportsdb.com/images/media/team/badge/6ej8w01673366572.png
CFL,KK Spartak Subotica,https://r2.thesportsdb.com/images/media/team/badge/cdc4vd1673087383.png
CFL,KK Split,https://r2.thesportsdb.com/images/media/team/badge/mt6pyt1673366588.png
CFL,KK Studentski centar,https://r2.thesportsdb.com/images/media/team/badge/p41oiv1673366600.png
CFL,KK Zadar,https://r2.thesportsdb.com/images/media/team/badge/h2ocfj1673366615.png
PDC Darts,Argentina,https://r2.thesportsdb.com/images/media/team/badge/3zplhu1726167477.png
PDC Darts,Bolivia,https://r2.thesportsdb.com/images/media/team/badge/4q6qfm1736571383.png
PDC Darts,Brazil,https://r2.thesportsdb.com/images/media/team/badge/jl6dip1726167280.png
PDC Darts,Canada,https://r2.thesportsdb.com/images/media/team/badge/2t631f1595154867.png
PDC Darts,Chile,https://r2.thesportsdb.com/images/media/team/badge/5xjsy41591988732.png
PDC Darts,Colombia,https://r2.thesportsdb.com/images/media/team/badge/4ymyku1691180081.png
PDC Darts,Costa Rica,https://r2.thesportsdb.com/images/media/team/badge/bss90a1637840151.png
PDC Darts,Ecuador,https://r2.thesportsdb.com/images/media/team/badge/47wv2y1591989301.png
PDC Darts,Jamaica,https://r2.thesportsdb.com/images/media/team/badge/v6mk4r1594321722.png
PDC Darts,Mexico,https://r2.thesportsdb.com/images/media/team/badge/w0deu41649353782.png
PDC Darts,Panama,https://r2.thesportsdb.com/images/media/team/badge/asp2ck1715849700.png
PDC Darts,Paraguay,https://r2.thesportsdb.com/images/media/team/badge/khgav41553419195.png
PDC Darts,Peru,https://r2.thesportsdb.com/images/media/team/badge/unszat1529144812.png
PDC Darts,Uruguay,https://r2.thesportsdb.com/images/media/team/badge/6vjbr11726167756.png
PDC Darts,USA,https://r2.thesportsdb.com/images/media/team/badge/21f0oi1597948195.png
PDC Darts,Venezuela,https://r2.thesportsdb.com/images/media/team/badge/x167yg1690791367.png
EuroLeague,Adelaide United,https://r2.thesportsdb.com/images/media/team/badge/wpyuwv1473454602.png
EuroLeague,Auckland FC,https://r2.thesportsdb.com/images/media/team/badge/f36lst1730017502.png
EuroLeague,Brisbane Roar FC,https://r2.thesportsdb.com/images/media/team/badge/sypxsu1473454634.png
EuroLeague,Central Coast Mariners,https://r2.thesportsdb.com/images/media/team/badge/16igq81547381432.png
EuroLeague,Macarthur FC,https://r2.thesportsdb.com/images/media/team/badge/9gr66g1579348350.png
EuroLeague,Melbourne City FC,https://r2.thesportsdb.com/images/media/team/badge/rkeqme1603301840.png
EuroLeague,Melbourne Victory,https://r2.thesportsdb.com/images/media/team/badge/wwvsqx1473454564.png
EuroLeague,Newcastle Jets,https://r2.thesportsdb.com/images/media/team/badge/5jevk91653487832.png
EuroLeague,Perth Glory,https://r2.thesportsdb.com/images/media/team/badge/2c9k5p1679114095.png
EuroLeague,Sydney FC,https://r2.thesportsdb.com/images/media/team/badge/utgq8z1546110747.png
EuroLeague,Wellington Phoenix,https://r2.thesportsdb.com/images/media/team/badge/oegi471515786300.png
EuroLeague,Western Sydney Wanderers FC,https://r2.thesportsdb.com/images/media/team/badge/ej3zmf1603301820.png
EuroLeague,Western United FC,https://r2.thesportsdb.com/images/media/team/badge/q8lpcc1577967815.png
NPB,Astemo REAL RACING,https://www.thesportsdb.com/images/media/team/badge/y8fhz31747398593.png
NPB,Autobacs Racing Team Aguri,https://www.thesportsdb.com/images/media/team/badge/dkobkm1747397361.png
NPB,Kondo Racing,https://www.thesportsdb.com/images/media/team/badge/ygf9ze1747399167.png
NPB,Modulo Nakajima Racing,https://r2.thesportsdb.com/images/media/team/badge/0pvjbw1566328108.png
NPB,NISMO,https://r2.thesportsdb.com/images/media/team/badge/jqxtgs1489354443.png
NPB,NISMO NDDP,https://www.thesportsdb.com/images/media/team/badge/osidrs1747401777.png
NPB,STANLEY TEAM KUNIMITSU,https://www.thesportsdb.com/images/media/team/badge/ygommx1747402527.png
NPB,Team Impul,https://r2.thesportsdb.com/images/media/team/badge/qi9dfw1566327784.png
NPB,TGR TEAM au TOM'S,https://www.thesportsdb.com/images/media/team/badge/ch5f601747403768.png
NPB,TGR TEAM Deloitte TOM’S,https://www.thesportsdb.com/images/media/team/badge/0aioh81747404377.png
NPB,TGR TEAM ENEOS ROOKIE,https://www.thesportsdb.com/images/media/team/badge/6agbhq1747406456.png
NPB,TGR TEAM KeePer CERUMO,https://www.thesportsdb.com/images/media/team/badge/dfwqbk1747407243.png
NPB,TGR TEAM SARD,https://r2.thesportsdb.com/images/media/team/badge/yt3u9a1566335160.png
NPB,TGR TEAM WedsSport BANDOH,https://www.thesportsdb.com/images/media/team/badge/kqgsi01747408414.png
KBO,AF Corse WEC,https://r2.thesportsdb.com/images/media/team/badge/duhqtg1705867755.png
KBO,Akkodis ASP Team,https://r2.thesportsdb.com/images/media/team/badge/b7740n1705771589.png
KBO,Alpine Endurance Team,https://r2.thesportsdb.com/images/media/team/badge/29xaqa1705843036.png
KBO,Aston Martin THOR Team,https://www.thesportsdb.com/images/media/team/badge/bjjgp21747132857.png
KBO,BMW M TEAM WRT,https://r2.thesportsdb.com/images/media/team/badge/s0v30g1705848404.png
KBO,Hertz Team Jota,https://r2.thesportsdb.com/images/media/team/badge/7j2x5f1705843060.png
KBO,Iron Dames,https://r2.thesportsdb.com/images/media/team/badge/tzghz71705777728.png
KBO,Iron Lynx,https://r2.thesportsdb.com/images/media/team/badge/h0tvsb1705583159.png
KBO,Manthey 1st Phorm,https://www.thesportsdb.com/images/media/team/badge/il1yxe1746997017.png
KBO,Peugeot TotalEnergies,https://r2.thesportsdb.com/images/media/team/badge/ien8w51705924137.png
KBO,Porsche Penske Motorsport,https://r2.thesportsdb.com/images/media/team/badge/gm9m531705843079.png
KBO,Proton Competition,https://r2.thesportsdb.com/images/media/team/badge/itt4uw1705666800.png
KBO,Racing Spirit of Léman,https://www.thesportsdb.com/images/media/team/badge/jjh05g1747134058.png
KBO,Team WRT,https://r2.thesportsdb.com/images/media/team/badge/0jrxwn1705580515.png
KBO,TF Sport WEC,https://r2.thesportsdb.com/images/media/team/badge/db9i141705599230.png
KBO,The Bend Team WRT,https://www.thesportsdb.com/images/media/team/badge/hcqsuk1747135551.png
KBO,The Heart of Racing,https://r2.thesportsdb.com/images/media/team/badge/njw1qm1588599860.png
KBO,Toyota Gazoo Racing WEC,https://r2.thesportsdb.com/images/media/team/badge/vjyicq1705843097.png
KBO,United Autosports WEC,https://r2.thesportsdb.com/images/media/team/badge/m68dc81705528872.png
KBO,Vista AF Corse,https://r2.thesportsdb.com/images/media/team/badge/w1y6cw1705664289.png
